{"type":"Topology","transform":{"scale":[0.00003989831555362664,0.00002297806510007197],"translate":[12.453094587508094,55.61294930565775]},"arcs":[[[278,3827],[3,54],[-6,20],[-20,20],[-49,5],[-119,60],[-19,21],[-18,47],[-25,40],[-9,4],[-16,225],[44,46],[54,28],[22,22],[24,84],[-5,18],[111,31],[49,29],[30,28],[167,0],[18,26],[46,40],[42,29],[10,46],[171,116],[109,-12],[41,-29],[51,-48],[45,11],[132,-89],[39,-21],[41,4],[44,-30],[39,-1],[59,19],[76,-8],[43,-10]],[[1502,4652],[5,-27],[-6,-65],[46,-7],[45,-20],[-12,-98],[-9,-34],[-21,-25],[-47,-40],[-23,-35],[13,-54],[1,-34],[-24,-58],[72,-47],[33,-30]],[[1575,4078],[-41,-8],[-54,-184],[-5,-11],[-123,-194],[-47,-39],[-58,69],[-200,-15],[-51,-15],[-66,-6],[3,54],[-239,-28],[1,-9],[-95,3],[-193,78],[-129,54]],[[3695,3596],[-22,-6],[-10,-19],[-62,-42],[-11,-27],[-20,39],[-20,20],[-25,8],[7,31],[-22,67],[-9,93],[-27,-9],[-135,-59],[-163,-64],[-23,65],[-125,-102],[-13,-16],[-26,-53],[-74,-84]],[[2915,3438],[-101,96],[-96,96],[3,14],[25,371],[8,54],[-20,-14],[-83,-128],[-31,31],[-31,169],[-20,70],[-27,51],[-36,38]],[[2506,4286],[25,26],[226,271],[34,45],[-38,29],[9,11],[-28,22],[31,53],[-46,21],[-6,14]],[[2713,4778],[2,49],[7,64],[49,270],[61,-11],[-7,62],[31,-10],[29,-104],[208,-50],[-9,-65],[23,-81],[23,-115],[-6,-30],[10,-8],[59,2],[67,-12],[2,-40],[25,-47],[-20,-12],[12,-91],[17,-9],[54,12],[26,27],[25,11],[70,13],[-27,-37],[-157,-35],[-2,-32],[12,-28],[25,15],[35,-64],[21,-17],[17,23],[22,5],[11,-14],[-38,-91],[42,-74],[30,5],[13,-32],[24,13],[-46,78],[-7,20],[80,195],[50,94],[10,14],[61,-23],[2,7],[57,-20],[3,8],[72,-26],[21,54],[-112,41],[23,107],[-2,21],[19,19],[104,-37],[11,33],[-100,63],[19,4],[194,-124],[123,-81],[102,123],[25,20],[44,21],[67,21],[57,10],[52,3],[65,-4],[2,-7],[186,-111],[-555,-442],[-21,6],[-267,94],[-8,-23],[239,-84],[7,-23],[-98,-79],[-11,-22],[-24,21],[-267,94],[-4,-12],[-50,18],[-33,24],[-22,-52],[197,-70],[41,-51],[11,-21],[-246,87],[-11,-8],[-4,-37],[101,-31],[0,-15],[83,-34],[17,-31],[-12,-12],[-85,31],[-10,-11],[-167,-30],[13,-60],[171,31],[24,-4],[-64,-77],[-77,-30],[12,-61],[58,54],[6,-6],[-39,-52],[14,-10],[-44,-226],[37,-5],[19,131],[30,-4],[-20,-132],[30,-4],[12,125],[10,190],[28,43],[11,0],[-18,-357]],[[4130,3219],[-31,-161],[-25,-30],[-34,-8],[2,-44],[-5,-31],[18,-36],[-9,-21],[-22,-12],[-5,-33],[-14,-34],[12,-30],[-7,-19],[-33,-15],[-12,-30],[-27,-34],[-2,-30],[-28,-9],[-31,-38],[-73,-51],[-9,-23],[-24,-2],[-63,-48],[-24,-26],[-19,6],[-26,-10],[2,-15],[-53,-7]],[[3588,2428],[-16,-16],[-134,-35],[-71,6],[-118,34],[-20,12],[-58,49]],[[3171,2478],[-37,40],[-35,-28],[-11,-44],[-31,-12],[-24,-46],[-33,-5]],[[3000,2383],[-69,89],[-58,83],[-81,129],[-84,-51],[-19,52],[-90,-32],[-40,-10]],[[2559,2643],[54,351]],[[2613,2994],[108,196],[36,56],[85,111],[73,81]],[[3695,3596],[192,75],[58,-64],[55,-23],[12,37],[-80,29],[-14,16],[52,19],[202,19],[133,-18],[92,-9],[24,0],[27,-115],[-127,-87],[-31,-100],[-115,-30],[14,-58],[-13,-3],[-10,31],[-88,-24],[-57,0],[2,-61],[59,4],[37,-4],[11,-11]],[[2078,3679],[14,24],[18,60],[28,144],[20,60],[23,45],[45,73],[66,67],[177,105],[37,29]],[[2613,2994],[-79,-11],[-13,5],[39,97],[-9,18],[-41,27],[-151,15],[-27,13],[-33,32],[-48,28],[-43,36],[-16,29],[-56,51],[-25,29],[-41,79],[-4,17],[9,35],[-3,25],[-25,28],[19,27],[7,27],[25,31],[37,31],[1,24],[-58,-8]],[[2078,3679],[-97,-15],[3,-20],[-41,2],[-22,-39],[-55,-11]],[[1866,3596],[-26,27],[-136,186],[-41,65],[-40,76],[-36,111],[-12,17]],[[1502,4652],[29,55],[14,43],[-3,35],[17,-1],[53,124],[24,47],[31,33],[41,12],[62,-16],[36,-4],[11,-24],[17,12],[29,-12],[53,14],[91,-7],[39,5],[29,-4],[85,-35],[14,-15],[26,-72],[35,-23],[33,-2],[27,23],[76,-13],[66,-1],[43,-18],[54,-2],[23,-19],[156,-9]],[[1883,2368],[59,-178],[-75,-5],[-79,-28],[77,-464],[-91,-21],[-24,-1],[-61,9],[-33,0],[-64,21],[62,-85],[109,-189],[-24,-50],[-2,-37],[9,-59],[-6,-21],[-34,-21],[28,-173]],[[1734,1066],[-57,-5],[-270,-125],[-10,2],[-46,65],[-21,7],[-87,121],[-44,110],[-57,49],[-24,9],[-12,22],[-63,80],[-21,19],[-47,12],[-38,27],[-9,45],[-37,81],[-25,69],[-15,23],[-47,45],[-44,54],[-28,16],[-16,-1],[-70,86],[-27,49],[-12,62],[2,60],[17,66],[3,85],[9,24],[-6,24],[-5,62],[5,35],[7,229],[-97,4],[-11,26]],[[531,2603],[191,-4],[50,42],[10,20],[8,71],[6,10],[53,45],[3,19],[26,10],[54,36],[26,26]],[[958,2878],[32,-64],[1,-30],[17,-188],[48,-3],[6,-9],[27,-148],[112,9],[41,10],[11,-11],[197,17],[1,5],[159,-71],[130,-55],[26,-8],[117,36]],[[1883,2368],[43,18],[61,17],[64,28],[-3,21],[88,44],[27,-4],[3,19],[189,94],[12,11],[53,-16],[9,5],[-2,71],[104,-41],[28,8]],[[3000,2383],[-14,-13],[-172,-135],[20,-27],[-25,-9],[-10,13],[-29,-23],[-4,-24],[16,-22],[61,48],[-60,-137],[-27,-44],[-22,-59],[-90,-203],[-61,27],[-24,5],[-126,56],[-15,-29],[70,-32],[-40,-64],[18,-11],[42,65],[131,-57],[4,-23],[-134,-177],[40,-31],[23,-2],[-87,-109],[-38,-37],[-49,-67],[1,-20],[25,-42],[-19,-17],[-49,61],[-56,44],[-35,14],[-54,8],[-10,-17],[16,-94],[70,0],[42,-52],[-132,-120],[-3,-32],[-20,-6],[-61,-35],[-13,-20],[-73,-72],[-54,-43],[-21,4],[-7,18],[11,88],[3,48],[-11,17],[-23,-1],[-9,22],[75,-4],[-11,30],[-108,-15],[-56,35],[-74,-13],[-8,18]],[[3588,2428],[133,-239],[179,-256],[45,-119],[19,-64],[57,-221],[41,-154],[51,-179]],[[4113,1196],[-455,-110],[-169,3],[28,-184],[-11,-122],[0,-31],[-25,-319],[-483,-302],[-22,-9],[-109,-19],[-1102,7],[-56,-39],[-56,-27],[-64,-21],[-60,-6],[-14,19],[-72,0],[-40,-36],[-16,11],[-44,9],[-17,-5],[-11,34],[-16,17],[30,29],[16,-10],[39,3],[37,-10],[35,8],[-3,-35],[58,0],[8,5],[529,727],[392,366],[32,29],[8,37],[-12,28],[50,-15],[12,11],[-52,35],[15,22],[39,-16],[2,56],[17,13],[177,398],[16,26],[22,59],[119,268],[5,9],[223,292],[-5,13],[29,18],[34,46]],[[4130,3219],[4,-7],[48,15],[75,39],[46,30],[22,5],[18,40],[26,-7],[18,-27],[119,69],[77,-120],[-187,-114],[-40,-28],[-12,-17],[-40,-16],[-102,-118],[5,-32],[-18,-9],[14,-22],[22,20],[138,-275],[39,-73],[45,-48],[56,16],[19,30],[-78,96],[-136,270],[0,6],[59,68],[199,123],[12,-5],[86,-192],[-96,-33],[-34,-20],[17,-29],[6,-38],[-48,-85],[41,-1],[43,57],[26,-2],[52,-19],[30,102],[104,17],[86,-138],[-1,-48],[-40,-29],[-45,-105],[23,-18],[4,-17],[-24,-23],[-19,-54],[-24,-10],[-29,-82],[-9,-6],[-102,-3],[20,40],[-42,67],[-12,38],[-57,-5],[-25,36],[-52,-23],[32,-39],[-17,-10],[3,-38],[70,-139],[-56,-28],[14,-44],[58,29],[10,-43],[-2,-32],[40,10],[46,65],[51,-114],[34,-64],[73,-106],[66,-77],[54,-55],[-3,-24],[-19,-28],[-25,-68],[-4,-41],[4,-39],[23,-75],[30,-6],[16,-14],[-11,-24],[-45,2],[-18,-52],[-339,-82],[-8,32],[-139,-36],[-62,-23],[33,-103],[-83,-29],[-73,-33],[-4,-15],[-37,-13],[-33,54],[-23,-7]],[[531,2603],[-17,53],[-13,19],[-9,72],[-14,35],[-4,33],[-40,51],[-25,62],[0,43],[-41,51],[4,16],[-10,47],[-17,145],[-21,132],[5,29],[19,42],[-4,39],[-11,30],[-22,34],[-50,90],[0,30],[14,99],[-7,68],[10,4]],[[1866,3596],[-65,-18],[-40,-24],[-33,-26],[-42,-65],[-69,-71],[-38,-14],[-14,-13],[-41,-14],[-88,-37],[-50,-9],[-42,-13],[-69,-15],[-39,-21],[-25,-30],[-63,-42],[-16,-34],[-108,-99],[-23,-42],[-43,-131]]],"objects":{"bydele":{"type":"GeometryCollection","geometries":[{"arcs":[[0,1,2]],"type":"Polygon","properties":{"id":21,"bydel_nr":4,"navn":"Brønshøj-Husum"},"id":"bydel.0"},{"arcs":[[3,4,5,6]],"type":"Polygon","properties":{"id":17,"bydel_nr":7,"navn":"Østerbro"},"id":"bydel.1"},{"arcs":[[7,8,9,10,11,12,-4,13]],"type":"Polygon","properties":{"id":16,"bydel_nr":5,"navn":"Indre By"},"id":"bydel.2"},{"arcs":[[14,-5,-13,15]],"type":"Polygon","properties":{"id":19,"bydel_nr":6,"navn":"Nørrebro"},"id":"bydel.3"},{"arcs":[[-6,-15,16,17,-2,18]],"type":"Polygon","properties":{"id":20,"bydel_nr":3,"navn":"Bispebjerg"},"id":"bydel.4"},{"arcs":[[19,20,21,22]],"type":"Polygon","properties":{"id":23,"bydel_nr":8,"navn":"Valby"},"id":"bydel.5"},{"arcs":[[-20,23,-11,24]],"type":"Polygon","properties":{"id":24,"bydel_nr":10,"navn":"Vesterbro"},"id":"bydel.6"},{"arcs":[[25,26,-9]],"type":"Polygon","properties":{"id":25,"bydel_nr":2,"navn":"Amager Vest"},"id":"bydel.7"},{"arcs":[[-26,-8,27]],